authorId,name
1,Prent Tarry
2,Saxe Osman
3,Waverley Hebson
4,Renate Behrendsen
5,Evelyn Mackley
6,Robinson Peers
7,Tiphani Scotson
8,Caresse Quakley
9,Bobinette Peeke
10,Ronnie Maase
11,Maryjane Brunt
12,Darsey Serck
13,Dolores Brokenshaw
14,Kathe Tommasuzzi
15,Mort Roze
16,Tanya Leaver
17,Hyacinth Bleaden
18,Brantley Dumbell
19,Caprice Hicklingbottom
20,Merwyn Grenshields
21,Max Padwick
22,Margareta Wharfe
23,Eleni Frain
24,Winfield Gasking
25,Yolande de Cullip
26,Lynnea Curryer
27,Rycca Moulton
28,Tori Hehl
29,Jamesy Deaton
30,Joli Giannazzo
31,Shepard Cowland
32,Adrea Viollet
33,My de Verson
34,Mufinella Conrad
35,Nan Beringer
36,Sherie Gribben
37,Conny Kinny
38,Quentin Kernermann
39,Barny Kasting
40,Corby Eannetta
41,Torry Corrado
42,Archibold Neising
43,Kalindi Dahlback
44,Dodie Ollenbuttel
45,Fran Prall
46,Grantley Extill
47,Linnell Evetts
48,Margaux Worster
49,Brittany Burriss
50,Clark Bakhrushin
51,Vinnie Morena
52,Angel Ferencowicz
53,Carina Cardoso
54,Goddard Millson
55,Alex Bradnam
56,Adelheid Leetham
57,Sybil Rowett
58,Shurwood Kybbye
59,Willi Eustice
60,Kimble Haddeston
61,Torie Sunter
62,Caresa Orcas
63,Lelia Danaher
64,Reider Tofanelli
65,Kurt Landsberg
66,Doro Gilley
67,Genny Grigoliis
68,Hobard Vause
69,Huntlee Jenman
70,Odessa Dunkerton
71,Flori Foucar
72,Isabella Sadler
73,Leonardo Devennie
74,Maurene Atkyns
75,Maddie Wadworth
76,Tad Gosney
77,Camel Borsnall
78,Sabina Peet
79,Nicky Treagus
80,Essie Jepensen
81,Laurel Durrell
82,Idelle McChruiter
83,Nollie Zoane
84,Harrison Reames
85,Philip Desvignes
86,Yulma Poad
87,Bari Heady
88,Emera Greschke
89,Dennie Brushfield
90,Elliott Warlowe
91,Guinevere Drever
92,Gabie Lampart
93,Jonathon Espinosa
94,Rafi Caldecourt
95,Mari Quadri
96,Tymon Pennuzzi
97,Lynnea Feeham
98,Tomlin Olivey
99,Modesta Sicha
100,Nathaniel Cornford
101,Grissel Spanswick
102,Karin Portigall
103,Jackie Phair
104,Hatty Ollenbuttel
105,Aurie Boykett
106,Karia Lasseter
107,Raye Arndtsen
108,Hazlett O'Shavlan
109,Devonna Eric
110,Stanfield Mack
111,Zorana Chadburn
112,Velvet De Ortega
113,Marj Garry
114,Wilfred Kundt
115,Francis Culver
116,Jillayne Kidstoun
117,Chandler Harpin
118,Cosette Margetson
119,Georgena Bassil
120,Silvain Sabate
121,Patrice Sawkins
122,Yoshi Salerno
123,Paulie Shillan
124,Vallie Dmiterko
125,Jereme Burgen
126,Edward McSharry
127,Eadmund Dudleston
128,Sumner Scranny
129,Orran Christofor
130,Omar Riddell
131,Antonio Mitton
132,Grethel Umpleby
133,Ian Odhams
134,Sallee Stranahan
135,Neilla Priddy
136,Tynan Delaney
137,Brandon Siviour
138,Brianne Ruckledge
139,Washington Whyborne
140,Christabella Burgisi
141,Aleta Belison
142,Debera Dougliss
143,Norene McCorry
144,Ali Kenrick
145,Paxton Altoft
146,Theressa Holburn
147,Brennen Amoore
148,Krissie Croxford
149,Jone Oiseau
150,Chauncey Rapaport
151,Graig Fernant
152,Chevalier Wyss
153,Stern Widdowfield
154,Karalee Duggan
155,Rodger Caret
156,Dianne Strathdee
157,Kathie Bianco
158,Vinny Shellard
159,Zeb Baggot
160,Grier Noonan
161,Glynda Goggey
162,Tyrus Phuprate
163,Nappie Heather
164,Marci Noblet
165,Roderigo Tolumello
166,Gigi Sawdon
167,Robbin Margett
168,Trisha Caroline
169,Yetty Mourton
170,Leroy Brisco
171,Vinnie Scates
172,Regan Pollins
173,Tallie Bartleman
174,Cornelle Shubotham
175,Joshia Flipek
176,Salaidh Harman
177,Garfield Littrik
178,Cherilynn Gibb
179,Odelle Littlecote
180,Abby Andryushchenko
181,Lissy Graeme
182,Carlen Feathersby
183,Winfield Tabrett
184,Cornie Rushbury
185,Gray Kabisch
186,Babara Binford
187,Sigvard Gwilliam
188,Con Carus
189,Etty Buckhurst
190,Dick Dodimead
191,Oralla Vannar
192,Ariela Bagot
193,Marcella Montel
194,Amity Whitefoot
195,Arliene Wallhead
196,Jeth Ferrick
197,Roseanne Faunch
198,Sheila-kathryn Tradewell
199,Aldrich Ayerst
200,Malanie Dowdle
201,Laina Faughey
202,Sophie Scrigmour
203,Lilia Cortes
204,Muire Josey
205,Agata Doerffer
206,Hersch Bodham
207,Aldrich Canny
208,Danny Pouton
209,Dayle Matusson
210,Nicola Dirand
211,Davy Wooffinden
212,Krystalle Postgate
213,Rennie Kearley
214,Waiter Derington
215,Niko Tomsu
216,Melantha Kopfer
217,Adriana Greenhall
218,Otto Marciek
219,Frannie Duncan
220,Val Upham
221,Levy D'Ambrosio
222,Roda Woolacott
223,Modesta Getten
224,Reube Le Barr
225,Tamar Kissell
226,Marje Kiddye
227,Petra Olivetti
228,Mathe Stopps
229,Sayer Stitfall
230,Siward Truter
231,Therese Vanshin
232,Alysia Hallard
233,Arthur Ensten
234,Jere Dacre
235,Gwenora MacClenan
236,Amber Lester
237,Karlens Frankcom
238,Edithe McElhinney
239,Klarrisa Myles
240,Nataline Meric
241,Elnora Lamy
242,Eddie Stearne
243,Stanley Ellery
244,Melva Lorinez
245,Lydia Grissett
246,Nada Colby
247,Myranda Giacomuzzi
248,Jemima MacPaden
249,Roland Mastrantone
250,Matthew Andriolli
251,Chauncey Iorio
252,Rania Leathes
253,Shayne Cocksedge
254,Loree Alexandre
255,Ignacius Yukhnin
256,Isabeau Owttrim
257,Bronny Couling
258,Danell O'Brogan
259,Chere Laffling
260,Olivero Hagstone
261,Beniamino Sircomb
262,Walt Blanch
263,Dolly Springle
264,Janka Willett
265,Pietrek Scarre
266,Crichton Cotterel
267,Guillaume Penright
268,Gunter McTeague
269,Bowie Wimms
270,Tara Filipov
271,Carlo Mogra
272,Beatrisa Riccioppo
273,Neil Antuk
274,Lindy Bauduccio
275,Jasun Town
276,Goran Kleinsinger
277,Yul Chippendale
278,Ruperta Wigfall
279,Pammi Mayhead
280,Angus Babbe
281,Sammy Crush
282,Tabbitha Pawley
283,Opal Ambage
284,Erhard Betho
285,Milton Sunshine
286,Robinet Halsall
287,Gerti Lytle
288,Giraud Whiffen
289,Una Clifforth
290,Flory Chettle
291,Buiron Mulrooney
292,Jackie O'Duilleain
293,Shurwood Draye
294,Alys Casoni
295,Harwilll Pattle
296,Wash Kubik
297,Timmy Wisher
298,Willette Elstub
299,Clayborn Rhucroft
300,Koral Oldroyd
301,Goldi Neeson
302,Pail Martonfi
303,Callean Dow
304,Dulce De Rye Barrett
305,Sharla Strathe
306,Ame Gambrell
307,Natty Wyke
308,Dom Pyffe
309,Tyne Middlehurst
310,Lucine Pretsel
311,Stern Motto
312,Genni Emeline
313,Dalis Goggin
314,Joeann Hansed
315,Biddie Ingleby
316,Skippy Capelin
317,Emilie Corley
318,Francklyn Lean
319,Marris Trunks
320,Sukey Sandlin
321,Jennine Rigge
322,Molly Clunie
323,Consolata Nusche
324,Laurie Backhurst
325,Kira MacLise
326,Ezra Liff
327,Boigie Trustey
328,Jacky Kilian
329,Elmira Beetham
330,Hartwell Rozzier
331,Tremain Gruszecki
332,Regine Collister
333,Bel Cockran
334,Gregoire Sneezem
335,Noellyn Asbury
336,Tansy Ilyinykh
337,Karel Buckbee
338,Emmalynne Hatter
339,Eydie Verdon
340,Bail McKennan
341,Row Larkings
342,Lianne Claricoates
343,Jenilee Gibbard
344,Nealson Itzkovici
345,Frasquito Hadgkiss
346,Konstanze Shank
347,Katie Byfield
348,Brooke Bickmore
349,Wendell Mullane
350,Terese Christofe
351,Edie Capelow
352,Alvira Rand
353,Theressa Maris
354,Sharona Walkden
355,Lorine Gerbel
356,Verge Grayshon
357,Ingaborg Ferris
358,Maura Humpherston
359,Hillier Grimsdith
360,Jolynn Kitchener
361,Gabbie Tumioto
362,Elene Jellico
363,Fleurette Shinfield
364,Sheffy Feldheim
365,Gusta Cominotti
366,Ellen Joao
367,Sara-ann Lardier
368,Hailey Godson
369,Craggie Sleightholm
370,Marcelo Hindsberg
371,Charmian Grangier
372,Cristiano Sighart
373,Imogene Dimitresco
374,Hillary McCowen
375,Glenda Batt
376,Vernon Arnason
377,Mitchael Pashba
378,Janaya Thumim
379,Chilton Boyland
380,Inna Darlison
381,Rhys Ciani
382,Ambrosi Sewter
383,Pearl Owens
384,Raddy Duiguid
385,Charlotta Huebner
386,Cathi Rosson
387,Constantin Killbey
388,Seymour Laister
389,Salvador Izakson
390,Oswell Ruthven
391,Elinor Howison
392,Ernestine Roughey
393,Hadria Ruos
394,Theodore Cowe
395,Malvin Milburne
396,Hebert Medcalfe
397,Scott Dimmne
398,Malachi Pollen
399,Prisca Teresia
400,Torrey Wasylkiewicz
401,Zaneta Hinksen
402,Lindsay Oleszkiewicz
403,Udall Bernardelli
404,Corilla Cartmael
405,Tomas Ovise
406,Maurizia Domerque
407,Stuart Bazek
408,Baxy Darkott
409,Egan Ruusa
410,Marcello Tregaskis
411,Sharai Meddemmen
412,Stanislas Stubbes
413,Zabrina Sheridan
414,Angelika Bartolijn
415,Margie Whifen
416,Oberon Drinan
417,Anatole Elman
418,Marysa Bowes
419,Fidel Greenshiels
420,Loraine Pollock
421,Morry Leftly
422,Barn Malin
423,Sheilakathryn Trass
424,Far Bendix
425,Kriste Lease
426,Faina Tildesley
427,Launce Kynnd
428,Ericka Burwell
429,Mariette Giovannacci
430,Gustie Manterfield
431,Jaine Wainscot
432,Charmaine Hackey
433,Zared Juzek
434,Bird Shorbrook
435,Elka Daynter
436,Edd Ashton
437,Emmeline Helversen
438,Penny Ligoe
439,Dimitry Gyngell
440,Vale Gothard
441,Tallulah Plaistowe
442,Jasun Jantel
443,Ellary Mordy
444,Terry Tristram
445,Leonard Kubasiewicz
446,Papagena Glaves
447,Devondra Gelling
448,Julian Wanne
449,Auberon Juszkiewicz
450,Wesley O'Lennane
451,Danya de Marco
452,Margalit Shackesby
453,Mallorie Dresser
454,Rafa Dudny
455,Karola Jacke
456,Gennifer Brandenberg
457,Penni Maroney
458,Maurene Sankey
459,Barclay Keam
460,Aggi Claque
461,Phillipp Jirak
462,Bronnie Rouby
463,Lorinda Hallett
464,Bunny Benoist
465,Tannie Muff
466,Iseabal Normanville
467,Jackie Croson
468,Cass Calles
469,Tove Avramovitz
470,Nichole Craven
471,Rozina Makinson
472,Leonardo McCurley
473,Dedie Bentote
474,Garrick Riddock
475,Langsdon Baddoe
476,Marianne Lackner
477,Melisenda Hellyer
478,Vinny Crepel
479,Judith Cremins
480,Holly Hanby
481,Sheree Yoodall
482,Ariadne Carlton
483,Aloisia Sprague
484,Earle Epsley
485,Abbey Huyge
486,Verla Morpeth
487,Mickie Gibbeson
488,Dolli Hairsnape
489,Ekaterina Restill
490,Bastian Tafani
491,Vidovic Balffye
492,Tiff Jeanneau
493,Thorn Chappell
494,Thedric Scotts
495,Joanna Gouldeby
496,Kate Dunge
497,Devon Coxhead
498,Marge Devote
499,Karoline Gunby
500,Pepe MacRinn
501,Wendel Faccini
502,Latrina Coverly
503,Dari Naul
504,Waly Mountain
505,Valentin Cauldfield
506,Tulley Gobel
507,Martin Hurcombe
508,Terrel Desouza
509,Correy Van Hesteren
510,Katee Millichip
511,Bartie Vankeev
512,Dion Phonix
513,Perry O'Donnelly
514,Koenraad Caso
515,Bendix O'Kuddyhy
516,Susann MacCardle
517,Claudie Goodlife
518,Mora Antcliffe
519,Domeniga Merrigan
520,Tracie Lydiate
521,Leila Tomaschke
522,Micah Francklin
523,Vin Fellos
524,Gerianna Lieb
525,Allison Speare
526,Ferdinande Meddows
527,Hattie Chapman
528,Louella Rampley
529,Scotti Routham
530,Zolly Leaver
531,Starlin MacGillacolm
532,Waylin Adderson
533,Jodee Aujean
534,Nev Blackmore
535,Price Croker
536,Benoit Guyonneau
537,Daveta Ensley
538,Jori Danniell
539,Elayne Nutman
540,Yorker Lerwill
541,Jaime I'anson
542,Weber Addy
543,Percy Ruselin
544,Harman Goodnow
545,Jdavie Colleford
546,Brion Kite
547,Talyah Beavington
548,Orren Ishak
549,Dionisio Overell
550,Jonah Blewis
551,Linzy Downse
552,Isaiah Duce
553,Prudy Dimitru
554,Hillary Ygoe
555,Jayson Bikker
556,Eudora Judge
557,Khalil Crocroft
558,Bernardo Sonner
559,Theadora Keilty
560,Carleen Benedicto
561,Lisbeth Farman
562,Ximenez Coaster
563,Joni O' Connell
564,Gino Laydon
565,Kathrine Ferrey
566,Miguelita Sterrie
567,Jackquelin Sieur
568,Jarib Padwick
569,Iona Gerckens
570,Noble Pressdee
571,Fransisco Sainsberry
572,Filide Drakers
573,Alina Giffen
574,Hermia Lowndes
575,Sally Merrison
576,Joella Romaint
577,Palm Amberg
578,Lisha Cursons
579,Kevon Blodget
580,Brok Ledrane
581,Dody Huxster
582,Delia Petcher
583,Emmit Conen
584,Margery Elsegood
585,Kaleena Kittow
586,Antonius Gontier
587,Berkly Hizir
588,Cheri Rexworthy
589,Eula Royle
590,Jennifer McKeller
591,Melesa Oakeshott
592,Ulla Ledington
593,Hilliard Ansty
594,Krysta Poundford
595,Mick Whittleton
596,Lionello Mawdsley
597,Carroll Lafoy
598,Crystie Paule
599,Karrie Howbrook
600,Leena Alberts
601,Mercie Batcock
602,Natala Tiler
603,Temp Jackman
604,Luther Guppey
605,Janifer Dallosso
606,Trstram McTrustey
607,Christophe Joannidi
608,Ainsley Killwick
609,Salvador Hellcat
610,Lee Goldes
611,Hobard Geare
612,Washington Brotherheed
613,Ashby Bonnick
614,Gaelan Gullick
615,Angele Heyward
616,Foster Ossenna
617,Mollie Halden
618,Xylina Lerhinan
619,Ernie Pickworth
620,Nichol Mattosoff
621,Maggee Simonini
622,Jeno Giacomoni
623,Rog Seifert
624,Alberto Gambie
625,Imogen Dykas
626,Jess Abramovici
627,Mathian Caslin
628,Franklin Boat
629,Prudy Ratazzi
630,Javier Barrie
631,Bale Bote
632,Cristi Leghorn
633,Olivier Ausiello
634,Michaelina Trank
635,Martita Sacker
636,Waneta Reaveley
637,Stefanie Capelin
638,Brandy Cawkill
639,Yettie Pursey
640,Kory Hasard
641,Carin Rothwell
642,Seth Angear
643,Lonni Hanhard
644,Lenna Bode
645,Christie Deinhardt
646,Milo Hubball
647,Jermayne Btham
648,Britte Sherwill
649,Gualterio De Bruyn
650,Martha Daughtrey
651,Rebeca Grimsdike
652,Seka Brixey
653,Shell Grigsby
654,Mona Giacomuzzi
655,Corette Darrell
656,Drusie Carberry
657,Lorne Worner
658,Greggory Nial
659,Francene Hunnicutt
660,Rube Caddens
661,Winnie Hulcoop
662,Fleur Brecknock
663,Zoe Terran
664,Kane Nutley
665,Clementia Brantzen
666,Fidelio O'Nions
667,Lita McGeady
668,Jarid Sambiedge
669,Keary Manford
670,Faye Shrubsall
671,Reilly Scini
672,Pietro Gives
673,Chic Oller
674,Philomena Hurtic
675,Nikolai Gavahan
676,Abdul Morris
677,Grady Dermott
678,Clair Dudmesh
679,Wilma Muslim
680,Jeniffer Learmonth
681,Emeline Skiplorne
682,Josh Pulley
683,Kristoforo Double
684,Alexine Calver
685,Stesha Ramstead
686,Erika Ricardou
687,Andrey Bartoszinski
688,Raymond Lightowlers
689,Fidelio Petrashov
690,Vivi Cardozo
691,Boonie Jobbins
692,Jenna Terbruggen
693,Farr Copes
694,Thomas Hodgins
695,Pammi Nitto
696,Whitby Wheildon
697,Emlynne Youngs
698,Deane Pail
699,Wernher Trahear
700,Vernen Kelsey
701,Emilee Stickells
702,Golda Aizik
703,Chadd Adamek
704,Crosby MacVanamy
705,Skipper Ferns
706,Gennifer Pond-Jones
707,Lorettalorna Weblin
708,Otes Lammin
709,Panchito Lemasney
710,Rodney Skerrett
711,Ellary Dominick
712,Niels Harmes
713,Cleavland Larvent
714,Sissie Le Quesne
715,Fax Gleave
716,Ario Peterken
717,Gery Lydiatt
718,Ashbey Defew
719,Josey Zarb
720,Diahann Garett
721,Arny Porch
722,Kinsley Nester
723,Mechelle Durtnall
724,Ada Grantham
725,Adrianne Sambrook
726,Dedie Ince
727,Drud Ber
728,Penn Borton
729,Normy Kirtlan
730,Merola Baignard
731,Guillermo Bovingdon
732,Forest Freddi
733,Fergus Scawton
734,Ailyn Fridd
735,Sharleen Haspineall
736,Kirsteni Bulgen
737,Clarinda Duchenne
738,Beltran Langworthy
739,Patrizio Conneely
740,Rycca Barke
741,Cynthie Warwick
742,Berkly Chessun
743,Marcellus Eggins
744,Toby Grinnikov
745,Ilysa Ebourne
746,Blake Collerd
747,Ferris Ianitti
748,Juline Daubney
749,Callie Heinig
750,Cindie Brumhead
751,Sherye Mc Ilwrick
752,Tad Chaulk
753,Wilie Bedson
754,Arlana Kingman
755,Stanford Pykerman
756,Bartlet Tomasini
757,Kary Avarne
758,Charyl Stump
759,Carilyn Arnout
760,Allys Gjerde
761,Darbee Chrstine
762,Myrah Blaxley
763,Kirstyn Van Der Walt
764,Kacy Baldick
765,Chicky Wines
766,Frannie Aldersey
767,Rem Humm
768,Larisa Jewer
769,Alane O'Neary
770,Marylee Rucklesse
771,Sibilla De Bruin
772,Ryan Mourge
773,Harmon Klesse
774,Gayle Scole
775,Fowler Simakov
776,Elicia Boler
777,Guilbert Reddell
778,Alfred Dubique
779,Dominik Dibling
780,Ursulina Fairburn
781,Sharon Bethune
782,Dayle Dosdill
783,Eal Foucher
784,Catharine Deneve
785,Sutherlan Fardon
786,Emlynn Copplestone
787,Selle Cheeseman
788,Hobard Stuckley
789,Sacha Matokhnin
790,Hercules Regler
791,Gillan Rowling
792,Anitra Castagne
793,Judie Pembry
794,Valentia Chilton
795,Simonette Corwood
796,Dionis Duer
797,Merilee Nolder
798,Lynnelle Dyhouse
799,Corrie Goligly
800,Merlina Gossipin
801,Wendall Olney
802,Natal Pettitt
803,Anastasie Bertouloume
804,Twila Andrelli
805,Ricki Challener
806,Odie Patience
807,Tanner Niland
808,Drake Comiskey
809,Livy Portigall
810,Sisely Spavins
811,Melisande Cromer
812,Claudie Petrov
813,Bennie Burgher
814,Joleen Sheber
815,Gelya Spelsbury
816,Ross Danzig
817,Alie Shephard
818,Caryl Estrella
819,Mavra Pykerman
820,Marjie Gellion
821,Nyssa Carillo
822,Dorena Begin
823,Ameline Bellham
824,Sybille Dilloway
825,Ardenia Gregine
826,Drona Cram
827,Binnie Chiswell
828,Adelbert Riche
829,Maury Brabon
830,Dietrich Perren
831,Melita Reddington
832,Armin Hacker
833,Artur Steynor
834,Latrena Fraschetti
835,Rayna Beilby
836,Rabi Roskruge
837,Alysa Guerry
838,Shannah McCusker
839,Abigail Henniger
840,Amby Kidston
841,Catharina Horrod
842,Boy Tyndall
843,Lyndsey Boswell
844,Elana Antcliff
845,Yetty Hansel
846,Leonelle Reaper
847,Bord Haggith
848,Osbourn Babalola
849,Redford Elleyne
850,Gilly Pecht
851,Edlin Townshend
852,Temp Balaisot
853,Gillan Mounsie
854,Jon Basterfield
855,Frederique Kinvan
856,Ginger Leavens
857,Diana Corton
858,Cherie Wittier
859,Cookie Pillington
860,Trent McHarry
861,Filmer Fossey
862,Timmi Szymanowski
863,Frances Chaudrelle
864,Ban Trendle
865,Charmine Ogilvy
866,Octavia Durban
867,Krystyna Bakeup
868,Lanae Airds
869,Clarabelle McHale
870,Chrysler Ruddin
871,Carver Clash
872,Demetri Linkleter
873,Torie Thorold
874,Jonathan Theuss
875,Urbain Postance
876,Siobhan Holley
877,Ahmed Seary
878,Federica Hannant
879,Karleen Idell
880,Wilfred Giovannini
881,Elita Loncaster
882,Adi Daye
883,Giulietta Dubarry
884,Fanchon Kasman
885,Loralie Dowle
886,Mathilde Tirrell
887,Izaak Schleicher
888,Granger Pingston
889,Hamlen McPhee
890,Garrard Laverock
891,Anica Twallin
892,Frants Espinoy
893,Corrine Antoszewski
894,Heath Derry
895,Caro Blase
896,Frederik Jeannard
897,Lisbeth Schulken
898,Sharon Pietron
899,Oliviero Vaneschi
900,Florance Roblou
901,Emlynn McMennum
902,Gui McCullagh
903,Edee Pavolini
904,Willey De Filippo
905,Lyman Burland
906,Terry Walshaw
907,Tanitansy Greenstock
908,Mirabella Dobinson
909,Cally Duran
910,Stefanie Rohlfs
911,Candie Alebrooke
912,Joby Dacombe
913,Anton Hartford
914,Pepita Herculeson
915,Stacee Meaton
916,Ruperta Sprakes
917,Cello Trodd
918,Tammi McMennum
919,Decca Ramalhete
920,Meier Hubbins
921,Jerrylee Cuthbert
922,Benoite Ondracek
923,Joella Yitzovitz
924,Valenka Yurukhin
925,Nataniel Lancley
926,Zebadiah Erwin
927,Linnie Mulheron
928,Steffen Dowse
929,Cathleen Capozzi
930,Andrey Poynser
931,Arda Heindrich
932,Shanan Coate
933,Micaela Scipsey
934,Fayina Greenman
935,Llewellyn Corn
936,Ewan Gawthorp
937,Kenny Kennaway
938,Em Balme
939,Martie Daniele
940,Shoshanna McIsaac
941,Arlen Bruin
942,Zaccaria Fitzhenry
943,Edyth Mandy
944,Abby Peabody
945,Hewie Brushfield
946,Jethro Quinn
947,Lorinda Beedie
948,Logan Petow
949,Debra Cicci
950,Dusty McGahey
951,Lenore Peat
952,Elspeth Scullard
953,Sheila-kathryn Thomazin
954,Cory Purrier
955,Jaine Haryngton
956,Jacinthe Wagstaff
957,Maury Duckett
958,Lissy Gofforth
959,Rriocard Rhubottom
960,Agretha Willgress
961,Miller Whitham
962,Adamo Grzegorczyk
963,Almira Mintoff
964,Royal Benedick
965,Nevin Jedrachowicz
966,Agnese Pridding
967,Ramsay Quadrio
968,Deb Sanz
969,Towney Raymen
970,Ashla Wardroper
971,Carny Vivians
972,Maribelle Le Page
973,Jonas Britcher
974,Juanita Barrand
975,Maynord Withers
976,Geri Kernermann
977,Elonore Woodburn
978,Ceil Mila
979,Adora Cavill
980,Isador Scade
981,Sharline Barrowclough
982,Chicky Denyukin
983,Christophe Severn
984,Regen Gethins
985,Mylo Schimpke
986,Jesse Scimone
987,Kevin Gyorgy
988,Amerigo Lighterness
989,Cathy Cauley
990,Rollo Dring
991,Deni Minchinton
992,Gavrielle Robun
993,Hagan Chelsom
994,Novelia Chmiel
995,Glory Cubuzzi
996,Monique Fletcher
997,Leone Ireland
998,Dosi Gibb
999,Tailor Mehaffey
1000,Adora Hawker
