paperId,title,publicationYear,DOI
1,Streptopelia senegalensis,1985,10.5425589986/lt2095czlqbu
2,Ephippiorhynchus mycteria,2006,10.6883/ji1962hbcpng
3,Mungos mungo,1990,10.550959/np2086qmbfo
4,Aonyx cinerea,1995,10.48866/cu1935lj
5,Procyon lotor,1994,10.422561/ff1993elgdf
6,Litrocranius walleri,1996,10.9307678971/rr1910ehujnd
7,Ninox superciliaris,2011,10.490606/kj2012tzm
8,Mycteria ibis,1987,10.55823185/bh1922cc
9,Sarkidornis melanotos,2008,10.8280698313/cz2073rheaji
10,unavailable,1997,10.59397/gz2020czh
11,Falco mexicanus,2002,10.10041051/fz2060rknm
12,unavailable,2003,10.4180936/sf1910yynj
13,Graspus graspus,2001,10.338650180/sp1910ib
14,Columba palumbus,1995,10.2752383957/nk2087jsrl
15,Bettongia penicillata,1993,10.04720/hk2035wx
16,Aegypius occipitalis,1996,10.74926/yp1921seqczs
17,Certotrichas paena,1998,10.179109432/xp2087hfdwzi
18,Dendrohyrax brucel,2009,10.17674/nu2054isufx
19,Pycnonotus barbatus,2000,10.5299579/og2062ls
20,Oxybelis sp.,1997,10.9237/yq2046gbwa
21,Phalacrocorax niger,1991,10.018365629/vg1995rbefv
22,Climacteris melanura,2011,10.50192/ph2081xkre
23,Tachyglossus aculeatus,2009,10.771924/ol2031bfb
24,Phoenicopterus ruber,1997,10.6880/ai1961jnek
25,Axis axis,2002,10.32789277/og2079uscd
26,Ninox superciliaris,2012,10.617668/sc1953qgmxmt
27,Heloderma horridum,2005,10.699430599/xm1914uqynf
28,Gabianus pacificus,2010,10.5627440/qn1939bsy
29,Spilogale gracilis,2006,10.6108083/xj1991ke
30,Motacilla aguimp,2009,10.389125/vd2094tqds
31,Equus burchelli,1992,10.3928/gp1973xk
32,Uraeginthus granatina,2010,10.6985/qg1960hevkqb
33,Crotalus cerastes,2008,10.280190/cx2016fghzv
34,Gymnorhina tibicen,2007,10.013297/hw2089bjgc
35,Lemur catta,1989,10.9826/ol1966is
36,Trichoglossus chlorolepidotus,2000,10.81003779/dj2074xfco
37,Bubalornis niger,1994,10.8591177802/zw1978ht
38,Porphyrio porphyrio,2012,10.2576568021/bj1915auvhck
39,Alectura lathami,1985,10.280451706/gi2088qfh
40,Bubalornis niger,1997,10.120404/dg1959ewbto
41,Philetairus socius,2004,10.9099722048/rb2094fhn
42,Kobus defassa,2005,10.6092/dh2053mnt
43,Alopex lagopus,1976,10.48494073/zg1912asm
44,Boa caninus,1984,10.85698840/es1903evis
45,Cordylus giganteus,2012,10.7096/fq1938ve
46,Bassariscus astutus,1995,10.346694/xy2002mm
47,Ninox superciliaris,2012,10.862296/bc1936ej
48,unavailable,2008,10.1699/kk1961yj
49,Ara ararauna,2003,10.5289422/kn2081xyddv
50,Naja nivea,1996,10.4039068188/qz1905dntu
51,Canis mesomelas,2003,10.562964/sw2031bxevo
52,Ceryle rudis,2011,10.5151/fq1989gthi
53,Corvus albicollis,1998,10.827227746/wc1987vour
54,Lutra canadensis,2005,10.7632/ux1971pbp
55,Aonyx capensis,2005,10.1182291645/gw1924xp
56,Macropus giganteus,2003,10.10998573/td2076ivr
57,Priodontes maximus,1991,10.5573/bw2034cesc
58,Platalea leucordia,2009,10.299973297/uo2098tyyfxl
59,Alopex lagopus,2012,10.8860163845/qf2027ezgf
60,Himantopus himantopus,1992,10.25160056/xp1945uyf
61,Vanellus armatus,2005,10.52755349/cb2080rdws
62,Psophia viridis,2004,10.277753/yd2074pnfxw
63,Ninox superciliaris,2000,10.5744242/mm2052wuwhlz
64,Snycerus caffer,2012,10.33020510/sp2063erx
65,Phalaropus lobatus,2005,10.2449358931/sm2083kyztyt
66,Ara macao,2010,10.7396816/ii2075qua
67,Chlamydosaurus kingii,2010,10.271709/hg1933vd
68,Neotis denhami,1990,10.8338/lm2085ej
69,unavailable,2010,10.40770126/tg1934xjuhds
70,Petaurus breviceps,2007,10.0255359612/iq1915egse
71,Dicrostonyx groenlandicus,1997,10.8346/xc2006an
72,Plegadis ridgwayi,1991,10.1677/or1955ps
73,Pterocles gutturalis,2007,10.0288161/ca2002qpsji
74,Ephippiorhynchus mycteria,2012,10.692941/bc1915bgxo
75,Macropus agilis,2012,10.251024/xt2038prdvv
76,Corvus albicollis,2000,10.3769/ip1993avaa
77,Tockus erythrorhyncus,2003,10.36537965/ix2065clgm
78,Ardea golieth,2010,10.054201263/vy2021tg
79,Gyps fulvus,2005,10.069350039/fq2020xafo
80,Panthera leo persica,2011,10.82466605/gr1979hhdi
81,Lamprotornis superbus,1989,10.37665/ze2025zh
82,Chamaelo sp.,1997,10.8586/ts2070myzlce
83,Rangifer tarandus,1997,10.40109097/ai2058qmj
84,Semnopithecus entellus,2007,10.155024124/mz2045gz
85,Philetairus socius,2002,10.2706/pr2023fvbnqz
86,Uraeginthus angolensis,2005,10.56553/hm2015tbzaf
87,Manouria emys,2003,10.90252531/yk2009pdp
88,Francolinus coqui,2012,10.168558/wd1953vqc
89,Pycnonotus nigricans,2006,10.4226468754/cb1990yyf
90,Loxodonta africana,2001,10.1395057/bc2026gbdovj
91,Leprocaulinus vipera,2010,10.9240887/ex1939ne
92,Papio cynocephalus,1973,10.3761210/sc2025yl
93,Varanus sp.,2009,10.019901289/xo2079avqm
94,Ictalurus furcatus,2001,10.63516186/pv1923svncmc
95,Aegypius tracheliotus,2009,10.17569019/py2099czfuy
96,Stenella coeruleoalba,2000,10.206903/ry1939cwhqd
97,Alligator mississippiensis,1992,10.8505/oc1979wnmue
98,unavailable,2008,10.6658861/ho1938crtnag
99,Cercopithecus aethiops,2002,10.54819863/nw2055td
100,Francolinus leucoscepus,2007,10.499704/hn2000lc
101,Cordylus giganteus,1993,10.72017/bf1920xeu
102,Phylurus milli,1986,10.42647259/ka2041ygxvs
103,Gymnorhina tibicen,1995,10.474784988/ae2021jygjyl
104,Zalophus californicus,2011,10.67972027/nc2018lnmhs
105,Lycosa godeffroyi,2010,10.22560524/hb1951fm
106,Pituophis melanaleucus,1994,10.3884965/db2091wb
107,unavailable,1993,10.362488612/oh2040gda
108,Cracticus nigroagularis,1989,10.878687/lm2099rivnve
109,Gymnorhina tibicen,1992,10.8412/bs2042xmamp
110,Epicrates cenchria maurus,2012,10.434304749/su1966vrwc
111,Bucorvus leadbeateri,2003,10.730282/uq2028skmp
112,Potamochoerus porcus,2001,10.7725/qx2032puqrtj
113,Grus rubicundus,1997,10.13784957/ri2017cxoyk
114,Larus novaehollandiae,2007,10.6241012535/we1922rv
115,Phasianus colchicus,1995,10.3914/eg2039efva
116,Aonyx capensis,1995,10.133394/ym1910jg
117,Parus atricapillus,2002,10.1879/kc1989ucrnhb
118,Physignathus cocincinus,2009,10.1943200191/yp1970osqv
119,Uraeginthus angolensis,2005,10.6202097/uj2072sqbz
120,Meles meles,1999,10.779504/yb1909lsdc
121,Pseudocheirus peregrinus,1993,10.727341/ml1943fw
122,Bucorvus leadbeateri,1994,10.4654893/sb2045uyge
123,Petaurus norfolcensis,2010,10.8326/hv2037nlhtin
124,Phoenicopterus ruber,2012,10.9726/ji1932yfsf
125,Cebus nigrivittatus,2007,10.63190/yp2018cqvbtt
126,Axis axis,1997,10.887518/fu1911lm
127,Choriotis kori,1989,10.4661/bk2044ckhtkl
128,Paraxerus cepapi,2008,10.2432482/gx1934kgouey
129,Pseudoleistes virescens,2012,10.9710416636/rp1916gyhou
130,Kobus defassa,2010,10.9036996102/yn1961dpj
131,Physignathus cocincinus,1998,10.040550/iu1970wrzqv
132,Chionis alba,2011,10.8073/wm1977be
133,Bugeranus caruncalatus,2009,10.137239/fi1912gjqp
134,Milvus migrans,2007,10.964849/da2063ybry
135,Coluber constrictor,2007,10.7307922/oi2087uo
136,Bubalus arnee,2009,10.402156/th1931ftk
137,Madoqua kirkii,2000,10.2328901/zy1954xiz
138,Ctenophorus ornatus,2000,10.41944/xb1930eths
139,Bucorvus leadbeateri,2012,10.1063504761/kb1965bwvea
140,Acridotheres tristis,2009,10.459149404/sv1973plepqj
141,Naja haje,2013,10.9105/kp1942fwf
142,Phalacrocorax niger,1994,10.7183068425/ru2044gwiw
143,Dusicyon thous,1985,10.1098/mv1965eu
144,Didelphis virginiana,1990,10.1742961103/uv2037mzoqs
145,Terrapene carolina,1996,10.837991366/dd2081cb
146,Philetairus socius,2008,10.7251/vy1992rs
147,Milvago chimachima,1991,10.4145445392/fs2039ct
148,Limnocorax flavirostra,1972,10.3146113007/ly1988mqw
149,Francolinus coqui,1992,10.109817104/ir1979bytng
150,Paradoxurus hermaphroditus,2010,10.46124/km2017gk
151,Connochaetus taurinus,2003,10.79740/tp2042cgvnc
152,Snycerus caffer,1995,10.65030269/bd2014va
153,Agama sp.,2011,10.3785837/vl1925kdebzq
154,Catharacta skua,2010,10.3953982573/od1903aup
155,Phalaropus fulicarius,2011,10.18195/vt1927mfj
156,Semnopithecus entellus,2001,10.2168926937/nn2020fttmfd
157,Epicrates cenchria maurus,1960,10.948380/dp1986ucctb
158,Sula nebouxii,1994,10.445881217/et2062kqec
159,Deroptyus accipitrinus,2010,10.9830565199/rt1937ptfonu
160,Chlidonias leucopterus,2006,10.28882/jf1963vvp
161,Phylurus milli,1999,10.4631827399/bw2070arja
162,Herpestes javanicus,2004,10.71949463/nw2042ce
163,Tiliqua scincoides,2006,10.758684/uj1927kzbd
164,Bucorvus leadbeateri,1997,10.1271542244/hr1973ihfujv
165,Gabianus pacificus,2010,10.5830/dt2072igfxi
166,Alcelaphus buselaphus cokii,2003,10.211744/nl2089bzxs
167,Dusicyon thous,1999,10.592040/fj1980tims
168,Macaca radiata,1993,10.84573123/fw1941raopk
169,Corvus albus,1985,10.74440078/ow1907fekt
170,Lepus arcticus,2006,10.9674222/vk2029yui
171,Uraeginthus granatina,1993,10.2052/ur2062tdvhdd
172,Vulpes chama,2012,10.91840812/eo1955awlc
173,Vulpes chama,2008,10.49733003/ie1949nzzqz
174,Calyptorhynchus magnificus,1993,10.2111965/tj2013nqav
175,Anas bahamensis,1994,10.4822/ar1993ugayg
176,Plocepasser mahali,1996,10.1393/lq1946lo
177,Didelphis virginiana,2013,10.869688/ud2010hjjq
178,Genetta genetta,1994,10.0038/yt1989axvnga
179,Mungos mungo,1996,10.35744/is2003cialr
180,Psittacula krameri,2005,10.877414/kh1912gls
181,Sylvilagus floridanus,1992,10.7943/io1974rfhdxt
182,Damaliscus lunatus,1988,10.63731/yi2012xldrxs
183,Rangifer tarandus,1994,10.813400872/zd2002kofuq
184,Papio cynocephalus,2003,10.3166716/kv1929prkog
185,Smithopsis crassicaudata,1991,10.089942/yl1998he
186,Capreolus capreolus,1992,10.5960590/iz2044hxp
187,Sarcophilus harrisii,1997,10.9864/xj2070thd
188,Ara chloroptera,2007,10.0738/rk2098xkrz
189,Felis concolor,1992,10.1121050442/tv1909kvhd
190,Cebus nigrivittatus,2004,10.226195645/fg1908os
191,Coluber constrictor,2003,10.6792/ul1975igb
192,Colobus guerza,2008,10.6126/ub1941psgamn
193,Kobus defassa,1992,10.4859591621/rg2007egsl
194,Litrocranius walleri,1992,10.711673/nw2005vcn
195,Cyrtodactylus louisiadensis,1997,10.15200263/jh1952yotyqj
196,Carduelis uropygialis,2001,10.924289171/pa1965xxc
197,Haliaetus vocifer,2010,10.3703/uk1985lkgabs
198,Eubalaena australis,2006,10.1293864/ov1938bbol
199,Meleagris gallopavo,2010,10.75710330/zo1939nh
200,Isoodon obesulus,1994,10.93990/gm1964jzrs
201,Taurotagus oryx,2006,10.446575742/hx2073ucof
202,Panthera leo,2008,10.882965169/nb1918bjxati
203,Limnocorax flavirostra,2004,10.2311613/pl1903iaxwj
204,Crocodylus niloticus,1992,10.58560879/bh2063kdbg
205,Alligator mississippiensis,1993,10.8240/zy2027loousp
206,Tringa glareola,2009,10.342367059/gd1918svry
207,Felis chaus,2000,10.23740/el2029rqlq
208,Buteo regalis,2007,10.10089203/zg2094lxabqt
209,unavailable,2005,10.50940830/oc2086lefo
210,Trichoglossus chlorolepidotus,2006,10.1689/gl1937logam
211,Hippopotamus amphibius,1986,10.614999683/am2071vlwcxa
212,Phaethon aethereus,1995,10.62887024/fs2047cyrthy
213,Eolophus roseicapillus,2004,10.68884027/sn2075vfpfl
214,Tursiops truncatus,1997,10.99122/qe2063znkb
215,Lepilemur rufescens,2006,10.876546/oh2011zfwo
216,Centrocercus urophasianus,1997,10.99396177/zs1936vop
217,Canis aureus,2009,10.20885/cj2022oejl
218,Phoeniconaias minor,2000,10.19253054/md2042szi
219,Ara chloroptera,1995,10.359256528/wl2083apn
220,Chauna torquata,2001,10.106046882/fx1939kzjrif
221,Orcinus orca,1994,10.45350/jt1904xnakb
222,Pelecans onocratalus,1980,10.4964127/dg2075wmfxmq
223,Gyps bengalensis,1987,10.95337697/gv2050tmtdc
224,Buteo regalis,1992,10.684702/jr2031dimpa
225,Hystrix cristata,1994,10.33054/np1958wtg
226,Anathana ellioti,1993,10.3285/vo1942sztc
227,Neophoca cinerea,1996,10.1204/sz1922pwsw
228,Equus burchelli,2001,10.2450/jp2012agctsp
229,Ratufa indica,2007,10.06060/ve2071yjaug
230,Echimys chrysurus,2005,10.0522399372/rf1924nx
231,Egretta thula,2011,10.70188459/bo1959oyifma
232,Rangifer tarandus,2005,10.58172/xz2048dogzpl
233,Crotaphytus collaris,2007,10.6131947/al2092swh
234,Ovibos moschatus,1984,10.0284/nt1930ts
235,Arctogalidia trivirgata,2002,10.920704/wm2036hmtjwn
236,Theropithecus gelada,2012,10.607766/vp2045vxuzy
237,unavailable,2009,10.4393/dl2061hcshin
238,Microcebus murinus,2005,10.1043461922/am1977yyzz
239,Lybius torquatus,2002,10.3474320837/qp2067ctn
240,Corallus hortulanus cooki,1991,10.773122/yw1969jj
241,Chlidonias leucopterus,2002,10.4120660/gv1995qp
242,unavailable,1996,10.9108967623/uo1958luiy
243,Cygnus buccinator,2004,10.82180192/yn1989kul
244,Bucorvus leadbeateri,1992,10.2352/bu1914rfq
245,Tragelaphus strepsiceros,1993,10.51536/gk2023xvh
246,Limosa haemastica,1984,10.7072718/pm1951yjz
247,Melursus ursinus,1993,10.0796086227/zc1941tyx
248,Crocuta crocuta,2009,10.652153/fj1951fdu
249,Francolinus coqui,2012,10.1876729/co2076khqk
250,Cordylus giganteus,1993,10.16544166/lm1914oi
251,Thamnolaea cinnmomeiventris,2008,10.0213/kx1930gj
252,Cordylus giganteus,1991,10.6095012/qv1971juvfv
253,Sciurus vulgaris,1998,10.255744419/oq2049tgmien
254,Pitangus sulphuratus,1963,10.998108993/mu1927hwmxx
255,Morelia spilotes variegata,2006,10.512778/vr1973hwkf
256,Geochelone radiata,2006,10.6590/ay1989uakl
257,Cracticus nigroagularis,1994,10.032710/vq2092ne
258,Eubalaena australis,1994,10.74580400/mo1924mxfjaf
259,Panthera leo persica,1987,10.431344788/cv1964wfy
260,Terrapene carolina,2004,10.779571/ur1951cthr
261,Haliaetus vocifer,1996,10.3720/cd2009qeich
262,Ctenophorus ornatus,2003,10.63163/qt2036whmepe
263,Nyctereutes procyonoides,2011,10.425771197/df2052gelhf
264,Cochlearius cochlearius,1995,10.4676227914/rj1938hdnp
265,Uraeginthus granatina,1998,10.9017/nl1914ccya
266,Sauromalus obesus,2004,10.310276971/nl1941qfekf
267,Recurvirostra avosetta,2005,10.1126716975/qm1950avipxe
268,Melanerpes erythrocephalus,2010,10.382337/mk2039odfrlv
269,Suricata suricatta,2009,10.1442052250/ge1950rlpvvf
270,Kobus defassa,2008,10.0257831/oz1985xhv
271,Corvus brachyrhynchos,1990,10.97170/gs1981gpic
272,Alopex lagopus,2012,10.69962440/hk2061wkf
273,Manouria emys,2009,10.5136041/rr2009akaif
274,Alligator mississippiensis,2006,10.3127/xi1987axoxfu
275,Equus burchelli,2000,10.45286027/ak1925tzlo
276,Kobus leche robertsi,2006,10.2791486619/yy2022vkw
277,Didelphis virginiana,2003,10.739442/dx1996bzpo
278,Pteropus rufus,2007,10.479449133/vx2012ddzcdt
279,Trachyphonus vaillantii,2011,10.14390760/bc2074xncs
280,Ciconia episcopus,2012,10.868305/mp2023iu
281,Philetairus socius,2006,10.0100331078/kk2012alsp
282,Fratercula corniculata,1995,10.727381040/qk1987uuzrp
283,Tayassu pecari,2012,10.46118/bj1946dgvwzd
284,Bubo sp.,1996,10.901466/lt1940ckdg
285,Haematopus ater,2006,10.8432/lm2063ae
286,Cynictis penicillata,1992,10.359859139/bt2086lh
287,Myrmecophaga tridactyla,2003,10.7134789206/ex1938lez
288,Pavo cristatus,2002,10.46585244/dc1951vd
289,Ciconia ciconia,2006,10.8610560504/wh2018gww
290,Camelus dromedarius,2012,10.6443480/wm2069qcqksl
291,Papio cynocephalus,2000,10.16245229/lq1944jvxgpa
292,Ammospermophilus nelsoni,1997,10.48235342/zh2077wyoy
293,Axis axis,2004,10.3289811/jh2016xzrm
294,Giraffe camelopardalis,1998,10.8691/ek2074hcoqsc
295,Macropus fuliginosus,2002,10.952310/hw1956hhvnco
296,Ammospermophilus nelsoni,2012,10.8019822/yl1929uvaogt
297,Haliaetus vocifer,2004,10.1585097219/xo2092oi
298,Vulpes chama,1990,10.3926/hv1910jwk
299,Sarkidornis melanotos,1992,10.5452/vp1906qtvr
300,Boa constrictor mexicana,2007,10.2120/rw1918pdtt
301,Ovis dalli stonei,1987,10.3028335886/lr1998yxebyt
302,Damaliscus dorcas,2002,10.802909/dm1969xcnhyo
303,Cebus apella,1997,10.801112/dc2047lyvc
304,Macaca fuscata,1994,10.83869/cn1934nspeo
305,Lamprotornis nitens,2011,10.806038140/qp1943fhzvw
306,Procyon lotor,1995,10.5927/rs2091xq
307,Papio cynocephalus,2006,10.0327/vd2024oldlcl
308,Microcebus murinus,2006,10.6347/oi2040drn
309,Tachybaptus ruficollis,1993,10.6193/lr2003bxc
310,Ephippiorhynchus mycteria,2002,10.29682982/qb2009ogna
311,Paroaria gularis,1998,10.41789596/am1921eaqtmy
312,Chlidonias leucopterus,2008,10.0680532/qe2026wn
313,Canis aureus,1994,10.1567/cb2036bivld
314,Streptopelia senegalensis,1996,10.44862/cc1953azc
315,Alcelaphus buselaphus caama,2003,10.39722/ns2087owvky
316,Haematopus ater,1989,10.7998/hb1905pun
317,Iguana iguana,2009,10.718804148/oy1909qqni
318,Graspus graspus,2010,10.4181317/ua1901uholzk
319,Felis silvestris lybica,1998,10.8855/sh2087mubvp
320,Ciconia ciconia,2010,10.5645/eu2065yo
321,Psophia viridis,2010,10.1705/vd2038sqlu
322,Pituophis melanaleucus,1996,10.514622674/cz1910mnafrc
323,Ara chloroptera,1999,10.5544678/oz1968tndpw
324,Tamiasciurus hudsonicus,2011,10.6277253/hw1964bfywhk
325,Tapirus terrestris,1988,10.57839881/tp2016blpwu
326,Bettongia penicillata,1995,10.63580/px2049gdwnp
327,Alcelaphus buselaphus cokii,1993,10.1186067/oj2044xdysud
328,Leptoptilus dubius,2002,10.513283/ie2028tz
329,Spermophilus tridecemlineatus,2007,10.727476/xm2005ahufkf
330,Amblyrhynchus cristatus,2011,10.63915357/ba2018misl
331,Macropus robustus,2013,10.282264/xh2030aoop
332,Neotis denhami,2000,10.2610261/wv2087tu
333,Stercorarius longicausus,1993,10.61715/qo2044qyj
334,Bettongia penicillata,1998,10.72287/bg1979upfi
335,Alcelaphus buselaphus cokii,1997,10.34613583/ms2074xgfp
336,Ardea cinerea,2001,10.629303621/tv1944tok
337,Ara macao,2003,10.4471965196/ke2011dwe
338,Paraxerus cepapi,2002,10.9855042/uc2014dczg
339,Cathartes aura,2011,10.7809297168/rq2096vxrfab
340,Erinaceus frontalis,1984,10.312723650/od2029zyqykr
341,Manouria emys,2000,10.7357/mq2021uk
342,Centrocercus urophasianus,2008,10.8985986/iw2079maf
343,Dusicyon thous,2005,10.03102/pf2099sdxi
344,Ciconia ciconia,1995,10.7818/cd1941lj
345,Egretta thula,2010,10.5367/bv1952dpx
346,Iguana iguana,2007,10.66433/ln1910xn
347,Upupa epops,2005,10.1357/lt1981nuqqoz
348,Struthio camelus,2010,10.1187755297/jn2063bmpbj
349,Ara chloroptera,2003,10.9634888/sp1960hf
350,Geochelone elephantopus,2002,10.17439/dp1982vpeyt
351,Oncorhynchus nerka,1992,10.95504/ui1955jxjv
352,Galago crassicaudataus,2001,10.6033464/lb1975mu
353,Larus novaehollandiae,1998,10.1842115/yk2033jftd
354,Spilogale gracilis,2007,10.7035660/ip1961erciu
355,Cathartes aura,2000,10.67232/pl1970dk
356,Falco peregrinus,1998,10.353948/sn2078eqg
357,Alligator mississippiensis,2010,10.230989/zm2053ccxmcm
358,Antidorcas marsupialis,2003,10.3837963/yx1989ksuc
359,Felis caracal,2003,10.72378/qe2016wyvhtm
360,Lamprotornis nitens,1981,10.103823286/fc1978gqy
361,Sarkidornis melanotos,1998,10.029015/iz1983nywrui
362,Neophron percnopterus,1994,10.7940005/rg2076qrck
363,Anitibyx armatus,1992,10.6201058/lz2052rdze
364,Phalacrocorax carbo,1994,10.951226/zl2077srd
365,Ourebia ourebi,1987,10.72956576/ra1912ejee
366,Morelia spilotes variegata,2012,10.4273045443/vg2019lin
367,Cervus canadensis,1998,10.435394594/gh2053fqoa
368,unavailable,2000,10.570658/sr1932tkhhxd
369,Struthio camelus,1995,10.851266/zx1908dzreu
370,Neotis denhami,2008,10.2902/lq2040onzyj
371,Gyps bengalensis,1995,10.6886071/td2038zajik
372,Lasiodora parahybana,1999,10.3019524868/ep1920vs
373,Macaca radiata,2011,10.44575327/eb1908rtazg
374,Pycnonotus nigricans,1994,10.1671/di1922tqzjh
375,Phalaropus lobatus,1992,10.3586/up1975dx
376,Aegypius occipitalis,1998,10.023573/rj2020xhc
377,Phalacrocorax carbo,2009,10.1124849324/ot2006tskyg
378,Chelodina longicollis,2010,10.974838/qg2043upiuz
379,Ephippiorhynchus mycteria,1991,10.9533/wf1970yzst
380,Anser anser,1987,10.77334436/dq2033pgm
381,Ara chloroptera,2010,10.6794751291/cq2068ce
382,Macropus rufus,1997,10.9596605/ta1950naor
383,Panthera leo persica,2000,10.99779763/cw1940hyy
384,Neotoma sp.,2001,10.379909/qr2072vrsm
385,Varanus sp.,2007,10.018386/qh1913qzqwk
386,Francolinus leucoscepus,2000,10.17961333/hp1907dol
387,Corvus albus,2008,10.5406861527/pv2049apgfzj
388,Cyrtodactylus louisiadensis,1995,10.50378/gw2062ywxx
389,Eubalaena australis,1980,10.04320372/cg2046dzsbax
390,unavailable,2007,10.68616/ox2077sqnz
391,Actophilornis africanus,1964,10.644270/vg2075hc
392,Manouria emys,1999,10.40149510/du1914qplse
393,Varanus sp.,2005,10.6574451/ji1975ezb
394,Cebus apella,2002,10.6210737/jq2011csyly
395,Cygnus buccinator,2010,10.2560/fq1900lfe
396,Phalacrocorax carbo,2000,10.619060/xq1916ybzfwy
397,Neophoca cinerea,2011,10.45294/xh1932ujpikr
398,Felis concolor,2007,10.2854791/id1947mfxdxc
399,Felis wiedi or Leopardus weidi,2008,10.29568363/do1945wsln
400,Colobus guerza,2012,10.1236368578/ba1969cy
401,Equus burchelli,1992,10.179405953/vj1904nsqje
402,Cebus apella,1977,10.27984250/eo1947gcov
403,Sarkidornis melanotos,2013,10.87972/ew2060jzle
404,Odocoileus hemionus,2004,10.5908676/me1917gxk
405,Coluber constrictor,1992,10.494821316/qd1993qgp
406,Lutra canadensis,1995,10.00889521/bj1927iryu
407,Canis dingo,2003,10.34631/va1902yb
408,Mycteria ibis,2011,10.04762607/vl2063roso
409,Ovis musimon,2008,10.1087378553/ke1916xxv
410,Ara macao,2005,10.8781446/zz1968tdrpx
411,Uraeginthus granatina,2003,10.141194529/or1989xeh
412,Eolophus roseicapillus,2007,10.215278857/xv1997coxc
413,Catharacta skua,2006,10.7452/yx1943juagn
414,Varanus sp.,1994,10.52366755/vj1967gdfqsx
415,Numida meleagris,2004,10.9934/yf2051gxvxu
416,Paradoxurus hermaphroditus,2011,10.17133/lz1998kvqmis
417,unavailable,1993,10.27007/gw2077yydis
418,Erinaceus frontalis,2013,10.7101739238/qe2076fqmls
419,Melanerpes erythrocephalus,1989,10.057255446/kc2048wlqwoi
420,Butorides striatus,1999,10.6285/wq1917fu
421,Phalacrocorax varius,1998,10.247899634/wh1953hhu
422,Mazama americana,2010,10.69132/ry1985ledzby
423,Kobus vardonii vardoni,1996,10.191989733/vx1941wmc
424,Oreotragus oreotragus,1988,10.2994/ud2020cp
425,Phoca vitulina,1991,10.694017504/kb1913atj
426,Phalacrocorax carbo,2012,10.4252744/vz2030hokdbp
427,Dendrocitta vagabunda,1990,10.92541461/in1946rikw
428,Uraeginthus angolensis,1995,10.0892998816/fz1998vwy
429,Branta canadensis,2009,10.6538996501/ru2041oncg
430,Macropus rufogriseus,2003,10.900548/wp1987cthr
431,Macaca nemestrina,2011,10.20005986/jd2017jbbn
432,Mirounga leonina,2006,10.09855/tk1990dc
433,Otaria flavescens,2006,10.9170642719/qu1914uvln
434,Dacelo novaeguineae,2009,10.209758/bs1997dixexp
435,Acridotheres tristis,1985,10.54649590/zu1977omedd
436,Chlamydosaurus kingii,2002,10.641351759/tt1994fuqowz
437,Echimys chrysurus,2007,10.3363314080/am1940yihba
438,Oryx gazella callotis,2001,10.594788918/zc2022pea
439,Thamnolaea cinnmomeiventris,2008,10.3491/eg2059jnoxda
440,Lama guanicoe,2006,10.06456/rh1941hvq
441,Crax sp.,1997,10.2091365116/uq1986lxue
442,Herpestes javanicus,2003,10.217160/qe1904vtlcmb
443,Larus fuliginosus,2002,10.47691461/gh1998gtfowt
444,Acrobates pygmaeus,1996,10.802451/co1979fmshc
445,Charadrius tricollaris,1996,10.16511/vu1942ihoguz
446,Nycticorax nycticorax,1965,10.2173963/zo1979gnbe
447,Tamiasciurus hudsonicus,2004,10.06986/qs2079bjx
448,Lorythaixoides concolor,2008,10.04731/xf2044attfcy
449,Struthio camelus,2004,10.1940/mq2071tin
450,Pitangus sulphuratus,1992,10.17487121/cp2076wpldt
451,Columba palumbus,2011,10.9311/mi1936jae
452,Francolinus leucoscepus,1987,10.2207/fp2005yrmfu
453,Ardea golieth,1997,10.9071672323/vl1968vu
454,Choloepus hoffmani,1996,10.363965/at2086hrj
455,Macropus robustus,1987,10.681460251/ut2040mn
456,Eudromia elegans,2008,10.0049/ay1959mknv
457,Choloepus hoffmani,2000,10.35664/oz1918lcl
458,Plegadis ridgwayi,2002,10.072911/ee1904xzi
459,Thalasseus maximus,1989,10.227615/ao2068cagcj
460,Tockus flavirostris,2009,10.5812/na2029szfkga
461,Chelodina longicollis,2011,10.360352/dj1952oczyqk
462,Procyon lotor,1985,10.3795/oz2028bnvbq
463,Vulpes cinereoargenteus,2000,10.2927/ef1946dr
464,Ephippiorhynchus mycteria,1996,10.3684/zt1971vx
465,Nyctea scandiaca,1970,10.0021982689/ni2058tokr
466,Tamandua tetradactyla,2009,10.25299903/lk1919bf
467,Varanus sp.,1993,10.72399/ur2036rywtol
468,Antechinus flavipes,1987,10.5991768/ox2059kbc
469,Eudyptula minor,1992,10.2310465746/wh2075mdy
470,Rhea americana,2007,10.0363000/tw1916xovf
471,Ramphastos tucanus,2005,10.28251/ri1924akor
472,Tragelaphus angasi,2005,10.2204337489/jz1957sm
473,Vanellus chilensis,1991,10.78363796/cm2094igg
474,Graspus graspus,2002,10.504234665/dt1910jmcqkr
475,Panthera leo persica,1992,10.4648969518/uu1929lgr
476,Dendrohyrax brucel,1966,10.0824/ld1910jcw
477,Pycnonotus nigricans,2006,10.58348/xo1994uczg
478,Otaria flavescens,2012,10.68597986/ld2083fdnw
479,Dacelo novaeguineae,2011,10.2675874/he1920shv
480,Vulpes chama,1988,10.85495/an2049mse
481,Ornithorhynchus anatinus,1988,10.15522698/dl2096tpnp
482,Anathana ellioti,2009,10.09231/zx1916fgsfy
483,Cacatua tenuirostris,2011,10.11513/zq1979asokrk
484,Centrocercus urophasianus,1995,10.131013402/hs2021hlftj
485,Colobus guerza,2003,10.01265/ik2004qjythl
486,Acrantophis madagascariensis,2010,10.700614355/te2096by
487,Cebus apella,2009,10.299527/ph2012uc
488,Buteo regalis,2005,10.850633/nx2015qwcrrt
489,Merops nubicus,1993,10.243062314/yd1992ng
490,Petaurus norfolcensis,2009,10.57134/we2014ipjhx
491,Lama guanicoe,1999,10.34396012/fe1943mhui
492,Canis lupus,2008,10.51840/gw1971lflg
493,Francolinus coqui,2008,10.3735224953/nl1968nyu
494,Antechinus flavipes,2006,10.99060/wx1906ep
495,Psophia viridis,2008,10.9246/uf1918drip
496,Dasyurus viverrinus,2008,10.8501395517/oe1979dvj
497,Carduelis uropygialis,1995,10.66943/rt2021lpmapu
498,Tockus erythrorhyncus,1990,10.3427458176/cf1977acaowy
499,Actophilornis africanus,1992,10.574121015/dl2072dm
500,Raphicerus campestris,1993,10.399453/ea1966lpbdm
501,Connochaetus taurinus,2002,10.13179/nj1933drvn
502,Dendrocitta vagabunda,1993,10.5337506091/ow2017jhnfvz
503,Galictis vittata,2005,10.513703877/fr2079cxvgzp
504,Ara ararauna,2007,10.5139215381/pn2076xuscuu
505,Semnopithecus entellus,2011,10.360281/po1903blgu
506,Toxostoma curvirostre,2012,10.241239411/qb2076nso
507,Anser caerulescens,2011,10.396937566/mi1907sxzce
508,Perameles nasuta,1995,10.99275418/ho1960xzt
509,Ovis orientalis,2001,10.133991977/gw1952hbil
510,Aegypius tracheliotus,2008,10.68017/vz1982fckqp
511,Suricata suricatta,2011,10.6302/se2017moneo
512,Pseudocheirus peregrinus,2008,10.22100152/pb2013re
513,Cabassous sp.,2003,10.953570871/bg2049lafuog
514,Canis lupus baileyi,2009,10.99696/nw2050jpkftj
515,Paradoxurus hermaphroditus,1991,10.79064/me2087uuyher
516,Psophia viridis,1997,10.573444961/es2055suym
517,Uraeginthus angolensis,1992,10.72486723/ke2053artq
518,Bubo sp.,2010,10.7973/wc2050lha
519,Corvus albicollis,2010,10.225473/wl2060jb
520,Neophoca cinerea,1999,10.12057176/yh2050fo
521,Felis caracal,1994,10.44417/ky2042tpztes
522,Crotalus triseriatus,2005,10.823859/jy1993zcsjx
523,Philetairus socius,1998,10.00919/kp2025jlaqw
524,Climacteris melanura,1994,10.97380/jl1997jjdd
525,Francolinus coqui,2011,10.40080/ai1940sms
526,Spermophilus lateralis,1996,10.92242/ke2038zh
527,Phoca vitulina,1992,10.601695/tv2046agnz
528,Leipoa ocellata,1994,10.3452539/in2086hqmnj
529,Estrilda erythronotos,2007,10.768771/rg1962wgty
530,Morelia spilotes variegata,1993,10.07867767/gz1960samgv
531,Myotis lucifugus,1994,10.559745937/mf2011luyqd
532,Equus burchelli,2000,10.1327873/dj2078ev
533,Vulpes vulpes,2001,10.3320402964/lc2046ye
534,Semnopithecus entellus,1993,10.1727/xk1945vjk
535,Pteronura brasiliensis,2003,10.6642362603/rg2025cptr
536,Macropus giganteus,2012,10.6397806023/jv2025ds
537,Estrilda erythronotos,2001,10.452096872/af2093xh
538,Phalaropus lobatus,2009,10.8664835/pd2000ghjul
539,unavailable,2012,10.4453596/in1990xoie
540,Egretta thula,1992,10.42753/nf1989ovc
541,Stenella coeruleoalba,1996,10.1910817/hy2065jspyme
542,Geospiza sp.,2001,10.65380088/pu2038hajpne
543,Equus hemionus,1994,10.304405340/ec2068hwr
544,Eolophus roseicapillus,1999,10.0860/is2041ahm
545,Alcelaphus buselaphus caama,1995,10.466663154/ov2003emgkhh
546,Sylvilagus floridanus,1992,10.840530/ui1908zguqdp
547,Orcinus orca,2006,10.1698944/vy1986bnaqon
548,Mycteria leucocephala,2001,10.2209579/fs2096bxjzq
549,Bubo virginianus,2000,10.5814735/sq1968xihesy
550,Pteronura brasiliensis,1984,10.3649454/ff2005yqdwzt
551,Amblyrhynchus cristatus,2007,10.7281661279/sp2033bazq
552,Larus novaehollandiae,2006,10.5801563723/xc2003ywynyo
553,Acridotheres tristis,2000,10.691605/ht1960eonbuk
554,Equus burchelli,2013,10.2841/st2042ejg
555,Ara chloroptera,2007,10.8764641/sx2067ezaw
556,Aegypius tracheliotus,2001,10.390546/tz1974qliyaf
557,Laniaurius atrococcineus,2008,10.0040666123/tg2055bmi
558,Bubulcus ibis,2000,10.56595/vh1964qo
559,Laniaurius atrococcineus,2004,10.4284416121/cs2090lrpz
560,Lutra canadensis,1997,10.27791659/xl2086zngl
561,Alligator mississippiensis,1990,10.25750/bu2024wje
562,Thalasseus maximus,2009,10.16995761/fu2096cw
563,Meleagris gallopavo,2011,10.549546332/yk1948vt
564,Bucephala clangula,2008,10.6760/wl2003zx
565,Halcyon smyrnesis,1994,10.0402910/zu1972ess
566,Gymnorhina tibicen,1995,10.721259147/ad1948xwdfwb
567,Varanus komodensis,1989,10.3587823240/qe1950acni
568,Antidorcas marsupialis,1988,10.02971604/qs1990yvtz
569,Ursus americanus,2006,10.36625064/px2092gtdjdg
570,Cochlearius cochlearius,1999,10.98186803/jw2003zgblss
571,Marmota caligata,2011,10.85509932/ck1932sdnct
572,Ceratotherium simum,2011,10.887493457/sf2055byca
573,Haliaetus vocifer,2009,10.88807090/rm2044qtyu
574,Myotis lucifugus,1997,10.4884044597/vw2017mfo
575,Axis axis,1989,10.223900110/zm1952fi
576,Pavo cristatus,1995,10.37602506/bd2049qnmyza
577,Bubalornis niger,2002,10.8442845/uh2074yfd
578,Charadrius tricollaris,1996,10.616413884/cn1956gpfr
579,Felis silvestris lybica,2005,10.43070/vg1969nsb
580,Coluber constrictor,1992,10.0423172043/fs2040hddwkc
581,Macropus giganteus,1990,10.010001/vt2050kbpse
582,Lophoaetus occipitalis,2003,10.750722/ao2066zfvdpe
583,Phascogale calura,2010,10.3639850/lt1994zqhns
584,Nycticorax nycticorax,2001,10.6711/zy1949kfdv
585,Hymenolaimus malacorhynchus,2001,10.119932/ra2094qaa
586,Climacteris melanura,2000,10.41565528/wh1928ef
587,unavailable,2007,10.5092/rj2046hk
588,Dasyurus viverrinus,2005,10.444204/os1953jewt
589,Geochelone elephantopus,2010,10.390420846/xi1928npcpeg
590,Graspus graspus,1992,10.0312730/mh2040eitzng
591,Creagrus furcatus,1991,10.34985276/gj2001xv
592,Hydrochoerus hydrochaeris,2004,10.885362767/xm1942adv
593,Paraxerus cepapi,2007,10.7430762/kv1968yjqz
594,Diomedea irrorata,1991,10.7014/go1903ytlma
595,Ceryle rudis,1969,10.921334/pe1996yp
596,Varanus albigularis,1993,10.93626/th1950cqo
597,Alouatta seniculus,2001,10.077090/rb2008gmeew
598,Merops nubicus,2008,10.635537018/ut2057pu
599,Terrapene carolina,1993,10.82394/vy2086yuga
600,Ovis dalli stonei,1997,10.0399273035/ug1904rcw
601,Climacteris melanura,1999,10.03413918/wy1999ascsgr
602,Marmota flaviventris,2004,10.81631360/ux2085ehmub
603,Panthera leo,2005,10.06771/he2020fdi
604,Ara macao,2012,10.72993781/gz1925pk
605,Spizaetus coronatus,2006,10.2013109/ot2003ksmdjf
606,Lepus townsendii,2001,10.3253/yx2031soy
607,Pycnonotus nigricans,1992,10.964733427/rx1927mokton
608,Stercorarius longicausus,2006,10.3830753/sb2077efsvz
609,Ploceus intermedius,1995,10.042017/wb2077eruuh
610,Eumetopias jubatus,1992,10.393610850/mi1981whg
611,unavailable,1994,10.173980/uq1948kmbg
612,Ovis canadensis,1999,10.4791900/md2074nh
613,Dasyurus viverrinus,1998,10.9860/ay1980vs
614,Ctenophorus ornatus,2008,10.0682933/fq2037pld
615,Spermophilus tridecemlineatus,2008,10.5827020974/qw1963jvpea
616,Lama pacos,1995,10.8067087/si1952kjtokz
617,Gymnorhina tibicen,2011,10.0509020042/ya1966fky
618,Gazella granti,2008,10.8726450594/vi2088tmusb
619,Eudyptula minor,2003,10.438274675/cr1903hwqb
620,Lycaon pictus,2007,10.840778/rz1971pa
621,Crocuta crocuta,2002,10.200794688/ri2004fzvo
622,Varanus salvator,1989,10.970668/wl2001vcn
623,Nyctea scandiaca,1993,10.942936/zj2082bv
624,Myrmecophaga tridactyla,2000,10.42141/ug2085duq
625,unavailable,2001,10.73646/gx2067hppav
626,Corvus albus,1993,10.2195/br2045nwga
627,Gymnorhina tibicen,1999,10.69541283/ql2073vewl
628,Lamprotornis nitens,2002,10.633437/ee2007jdxlaa
629,Phoenicopterus ruber,2007,10.71764085/zh1976br
630,Eremophila alpestris,2001,10.72979132/an2024aan
631,Plegadis ridgwayi,1994,10.3024474/th1955rky
632,Charadrius tricollaris,2001,10.0955210347/sx1965wnidma
633,Pelecans onocratalus,2010,10.1028605/en1954ghv
634,Hystrix cristata,1998,10.5203640309/or2021iyu
635,Alcelaphus buselaphus cokii,1997,10.9517832/ha1965jjoykg
636,Ploceus rubiginosus,2004,10.5648154105/kp2097ugeaj
637,Cacatua tenuirostris,1992,10.979276/ud2055hfeh
638,Felis libyca,1995,10.368933/yn1956avfc
639,Ara chloroptera,1999,10.51668/ar2030cccnts
640,Canis dingo,1995,10.7999053/yf1923xmhv
641,Dendrocitta vagabunda,2009,10.1752297/eo1904polre
642,Struthio camelus,1999,10.11061/oq1930qcqde
643,Dicrostonyx groenlandicus,2001,10.747009/zr1918yw
644,Felis concolor,1992,10.1104/ti1929kgompq
645,Canis mesomelas,2005,10.74559/qp1915yks
646,Priodontes maximus,2012,10.662741316/pu1992wg
647,Geochelone elegans,1995,10.2159499360/ny2008cqyrwk
648,Sarkidornis melanotos,2012,10.313162/rv2025zcou
649,Macaca mulatta,1995,10.3690041045/od2024sujmc
650,Castor canadensis,2012,10.7830496/io2066mzh
651,Anas bahamensis,1993,10.9614954/fj1977abibaq
652,Gymnorhina tibicen,2012,10.6172/av1925ewgiy
653,Rhea americana,1994,10.18876442/jh2060qqagpz
654,Cervus duvauceli,2002,10.56845/vp1908srixbc
655,Macropus eugenii,1997,10.2549947235/zn1918uxn
656,Spheniscus mendiculus,1996,10.60868/uo1995che
657,Tachybaptus ruficollis,1994,10.018658552/zv1960nv
658,Dusicyon thous,2009,10.4819/wr2025ht
659,Elephas maximus bengalensis,2012,10.345708/so1943bwznt
660,Varanus salvator,1993,10.4302904062/eo2061grr
661,Arctogalidia trivirgata,1997,10.17506540/hv2054cxtxn
662,Aonyx capensis,2002,10.77378/ly1929rh
663,Tursiops truncatus,1999,10.86298/rj2021eqztk
664,Loris tardigratus,2007,10.894183/ib2076lcdgbc
665,Damaliscus dorcas,1995,10.185393/om1956ko
666,Climacteris melanura,1975,10.47321989/og2050xrskwv
667,Sus scrofa,1993,10.42913/nn1901goqneu
668,Herpestes javanicus,1992,10.499990/wr1934paxzz
669,Alopochen aegyptiacus,1994,10.3057122319/gf1970mh
670,Acrantophis madagascariensis,1987,10.61052/qy2056lzcxbb
671,Haliaeetus leucocephalus,2010,10.181216370/fa1952nqz
672,Tragelaphus scriptus,1992,10.60368484/wu1934gh
673,Sitta canadensis,1993,10.196964/xf2074fg
674,Morelia spilotes variegata,2003,10.825587/pz2093grqgpv
675,Grus rubicundus,1998,10.513063939/dm2046iqw
676,Bugeranus caruncalatus,1997,10.411173/pa2011uundyj
677,Cygnus buccinator,2006,10.5176/dm2070aovxvu
678,Amphibolurus barbatus,1989,10.73130228/gv2080qos
679,Carduelis pinus,1955,10.7952002655/pu2056stlnzc
680,Threskionis aethiopicus,1993,10.1387/rn1981hjad
681,Bubalornis niger,1993,10.48867208/pr1934qce
682,Cebus albifrons,1995,10.9889119/kd1988ac
683,Semnopithecus entellus,2008,10.26682234/lz2024ow
684,unavailable,1991,10.9059/kj1987wmphxs
685,Globicephala melas,1996,10.1665968/bk1951uqglaf
686,Ploceus rubiginosus,2007,10.2529/kc2001jpgs
687,Uraeginthus bengalus,1996,10.263316618/iq2030ggyidt
688,Panthera tigris,2005,10.11681/kp2057umymje
689,Neotis denhami,1995,10.7886/mq1986xd
690,Ovis ammon,2011,10.04207/fx2018dul
691,Phoca vitulina,2012,10.73027/tj2023wl
692,Fulica cristata,2007,10.39305411/zj1920gkcvpg
693,Butorides striatus,2001,10.541011096/eb2068hrcya
694,Spermophilus tridecemlineatus,2006,10.0528/tp2066uz
695,Smithopsis crassicaudata,2006,10.2462/fg2079lzzj
696,Microcebus murinus,2002,10.807875468/kn1915vu
697,Grus rubicundus,1994,10.4402337103/hz1944yq
698,Haliaeetus leucoryphus,2012,10.769076/we1978tsop
699,Lepus arcticus,1996,10.0387760/uj2015sjxe
700,Lemur catta,2003,10.60220768/pn1933mup
701,unavailable,1989,10.6219443/gz1904fwf
702,Papio ursinus,2007,10.80520/ku2068iqyy
703,Grus rubicundus,2011,10.7636/cp1939ajtdc
704,Sula nebouxii,1995,10.6158282/zx1975elys
705,Coluber constrictor,1992,10.791276935/we2090nfq
706,Eudyptula minor,2012,10.298432270/od1906aill
707,Herpestes javanicus,2000,10.7914876/tz1997wc
708,Dolichitus patagonum,2001,10.2965763/be2079ayby
709,Perameles nasuta,1992,10.0513677/vz1964dxfut
710,Herpestes javanicus,2007,10.5072/vq2068iemevu
711,Carduelis uropygialis,2006,10.131035/wc2035ugvt
712,Neophron percnopterus,1993,10.652527/cq2032euasq
713,Graspus graspus,2010,10.53856605/zm1965aovwu
714,Sylvicapra grimma,2002,10.0077678742/pj2003bbtsa
715,Phoeniconaias minor,2008,10.31793/yr2076nbtzkl
716,Zosterops pallidus,2003,10.8096151/ug2004iqqt
717,Alligator mississippiensis,1999,10.0246/ss1924pevi
718,Colobus guerza,2009,10.4954277/wo2052aqypyt
719,Felis wiedi or Leopardus weidi,1992,10.83644105/fz1967bil
720,Gymnorhina tibicen,2007,10.0745/tm1949rxe
721,Coendou prehensilis,1985,10.0873704031/ei2002rcem
722,Trichechus inunguis,2011,10.751190136/qy2030xyc
723,Merops nubicus,2011,10.79940529/ve1929djh
724,Choriotis kori,2010,10.29425/ls2048tvpmu
725,Gymnorhina tibicen,2002,10.08148/wq2055dg
726,Sitta canadensis,2006,10.27117/wa1927vekou
727,Paroaria gularis,2000,10.9825/cd1955jorgd
728,Francolinus swainsonii,2006,10.5414472296/rz1918zbabt
729,Tadorna tadorna,2002,10.9392997650/sn1940oytn
730,Pteronura brasiliensis,1987,10.4353251/ou2026vylm
731,Sula dactylatra,2000,10.921007/gh1998lm
732,Anser caerulescens,1994,10.7528425648/mt1977wgjbw
733,Dusicyon thous,1993,10.073631/yf1943zvonfa
734,Bassariscus astutus,1997,10.3075013944/sy1919xapwa
735,Pan troglodytes,2007,10.76025/xc1921wmaewc
736,Streptopelia senegalensis,1992,10.331842342/wp2077wdc
737,Crotalus adamanteus,1999,10.909984995/oe1944de
738,Ovis orientalis,2001,10.361147/qu2073fev
739,Sterna paradisaea,2005,10.7591144/xc1985gew
740,Ovis ammon,1991,10.9911655/yu1994rud
741,Ursus maritimus,2006,10.849995/uq1929ycugr
742,Pseudoleistes virescens,2008,10.18002875/ig2080olf
743,Ovis ammon,2003,10.3562274/cj2048ydqq
744,Ursus arctos,2004,10.485853/jl2071wesqvs
745,Plocepasser mahali,2000,10.107042376/vv1914ynj
746,Phalacrocorax varius,1994,10.3781623/et1912jl
747,Colobus guerza,2003,10.284767989/op2020rz
748,Papilio canadensis,2010,10.7320/jh2004fvz
749,Ictalurus furcatus,2002,10.34013/to1926vrhvfr
750,Catharacta skua,1963,10.1454775752/uf2011dqivc
751,Lasiorhinus latifrons,1993,10.0100478/hw1912telw
752,Ciconia ciconia,1995,10.506610290/hy2052mh
753,Ardea cinerea,1999,10.136883430/no2054wzmgjk
754,Fratercula corniculata,1992,10.0677/rb2070yx
755,Odocoilenaus virginianus,2010,10.30317011/vc1969mkywy
756,Xerus sp.,1998,10.5070/rx2003zwdbbp
757,Zalophus californicus,2010,10.407077/zi2090qevjwy
758,Anathana ellioti,2012,10.16700460/to1959fkta
759,Alopex lagopus,1995,10.21204469/uj1927vwglwz
760,Neophoca cinerea,2006,10.800785/rb2024sshasi
761,Trichoglossus haematodus moluccanus,1998,10.7129337702/py1963ndnmx
762,Pseudalopex gymnocercus,1994,10.223887509/iu2050yb
763,Gyps bengalensis,1994,10.4844/ie2023im
764,Parus atricapillus,1967,10.187418372/rn1972vf
765,Castor canadensis,2005,10.502612/uj2049drgdf
766,Zonotrichia capensis,2012,10.5167644223/bd2084avdb
767,Anastomus oscitans,2004,10.7167/nw1906veof
768,Elephas maximus bengalensis,2006,10.91171524/fq1970vtx
769,Climacteris melanura,2010,10.50952435/ht2099kw
770,unavailable,1995,10.05046/vb2079sbd
771,Eolophus roseicapillus,2003,10.662338665/cl1915izfzf
772,Chionis alba,2008,10.50793015/xp2020gzrg
773,Ciconia episcopus,1985,10.793340/zh1927bgwi
774,Choriotis kori,1994,10.849871855/bx1964mt
775,Vulpes cinereoargenteus,1994,10.5846167115/da2020amp
776,Colobus guerza,1990,10.2829090/tj2078yt
777,Macropus agilis,1990,10.8711/uc2010ecxgb
778,Lamprotornis sp.,1998,10.9509/kp1906ngxify
779,Mabuya spilogaster,2004,10.991378/lk2015infl
780,Varanus komodensis,2006,10.248188/po2019jl
781,Podargus strigoides,2007,10.59985/fa2050ozwn
782,Alopex lagopus,2004,10.10146609/ld1905sfmiu
783,Didelphis virginiana,1996,10.964277/sv2004bsqkd
784,Bubo virginianus,1996,10.66841909/vv1989nsckc
785,Amphibolurus barbatus,2008,10.7220346/nd1929wssfi
786,Larus novaehollandiae,1999,10.77587239/mq1981iqsi
787,Turtur chalcospilos,1997,10.1718279485/es1925wo
788,Suricata suricatta,2006,10.818660418/zc2085wrk
789,Bucorvus leadbeateri,2008,10.387102/yg2073gl
790,Rhea americana,2008,10.3185/gd2026mexjy
791,Phaethon aethereus,1966,10.7717619631/pe1971meykk
792,Crotalus triseriatus,1995,10.06815/wf1980ceiioo
793,Dasypus septemcincus,1989,10.3469755/jh1926muztm
794,Chauna torquata,2007,10.431083826/of2072nd
795,Neotis denhami,1999,10.6227897279/ra2035qlcxay
796,Funambulus pennati,2006,10.643815231/ag2009utshl
797,Speothos vanaticus,1999,10.3359/bz1908alzwd
798,Vanellus chilensis,1996,10.5436869/pq2070tpouj
799,Irania gutteralis,2009,10.6102733996/gr1981tppvc
800,Crotalus cerastes,1991,10.5887063/au2078tvym
801,Paradoxurus hermaphroditus,1996,10.3050194831/ys2019wuq
802,Eubalaena australis,2007,10.2971884242/ar2061rprtfo
803,Terrapene carolina,1992,10.331642/un2086uuzlkf
804,Zenaida galapagoensis,1995,10.09976/ip2030xkkuq
805,Macropus eugenii,2012,10.08251/jx2088glamyv
806,Kobus defassa,1990,10.7221141/mz2069hw
807,Tachyglossus aculeatus,2007,10.73671141/gi2089urz
808,Macropus rufogriseus,1992,10.3452/bm1912xe
809,Ara chloroptera,1986,10.5382034/sx2044bs
810,Francolinus swainsonii,2000,10.8316077521/ay2082kxle
811,Tadorna tadorna,1994,10.9363/ye1974yqjeh
812,Aonyx cinerea,2003,10.122592/mo1963db
813,Perameles nasuta,1968,10.9672064/da1939hymp
814,Geochelone elephantopus,2008,10.90244/kw2031lb
815,Erethizon dorsatum,2002,10.563502/gz2037znlhpu
816,Myotis lucifugus,2010,10.6508434/nr1928xmx
817,Tragelaphus angasi,2003,10.0414044108/dl2023zcyh
818,Callorhinus ursinus,2000,10.6034/py1971cls
819,Coluber constrictor foxii,2005,10.4913626852/db2079fg
820,Tursiops truncatus,1992,10.58776/ug1975cn
821,Sula dactylatra,2009,10.7286136/wq2035gnoby
822,Terathopius ecaudatus,2001,10.12801007/eh1984gqccg
823,Dasypus novemcinctus,1997,10.1819/hv1936cod
824,Diomedea irrorata,1998,10.657681160/bo2061wwt
825,Tayassu tajacu,2006,10.043416/ep1980xnf
826,Marmota flaviventris,2003,10.8769/bp1911knzhk
827,Ciconia ciconia,2001,10.7362560075/iy2093vvqo
828,Ovis ammon,2003,10.87714149/xg1997twx
829,Heloderma horridum,1992,10.391461/lt1971xvu
830,Aonyx cinerea,2002,10.518633763/rt2086iukkrv
831,Myrmecophaga tridactyla,1999,10.677966802/fu2001jz
832,Lutra canadensis,1992,10.63689/qz1990uwcfxh
833,Calyptorhynchus magnificus,1992,10.658937/vi1932lqe
834,Nycticorax nycticorax,1989,10.5458951061/hh1941amkubc
835,Vanessa indica,1997,10.54691/qt2086ix
836,Castor canadensis,2000,10.64127615/bb1918dx
837,Cebus apella,2003,10.8118/ms1921cvw
838,Columba palumbus,2009,10.03904/ks1941fij
839,Phalacrocorax niger,2013,10.6553/xu2008xfzgv
840,Vulpes chama,2000,10.7500176/ec1995igbef
841,Haliaeetus leucocephalus,2007,10.0407430/mi2010cmbvt
842,Sylvicapra grimma,2003,10.0908083510/gi2025ydxzea
843,Taxidea taxus,2003,10.569946143/nk1904rgdikh
844,Pelecans onocratalus,2000,10.932696536/uc1960cqr
845,Geochelone radiata,1996,10.3605964/df2001czpac
846,Felis concolor,2010,10.763670178/ie1949bmende
847,Ciconia ciconia,1994,10.9491620885/wr2028fhhxt
848,Larus dominicanus,1994,10.99449308/ui1958rkdi
849,Mellivora capensis,1976,10.967263400/yw2012sazc
850,Numida meleagris,2007,10.4323/or1975iel
851,Antidorcas marsupialis,1987,10.9642743/dw1956le
852,Streptopelia senegalensis,2002,10.4122228645/rd1975sxvbh
853,Falco peregrinus,2012,10.4462/iz2020fy
854,Corvus brachyrhynchos,2005,10.998638299/lk1955ukl
855,Parus atricapillus,2011,10.49055719/kb1957uudlgp
856,Gopherus agassizii,2002,10.573423574/hy1956hqyh
857,Passer domesticus,1993,10.20361355/od1982zp
858,Myrmecobius fasciatus,1986,10.9036959/ff2076qe
859,Irania gutteralis,2011,10.65466/cl1926pkywfo
860,Ara macao,2001,10.5952234/co1936yttcq
861,Meles meles,1985,10.675521087/ag2054rof
862,Ramphastos tucanus,2011,10.754303273/vb2088cf
863,Pteronura brasiliensis,1986,10.32375364/nb1963iijg
864,Bassariscus astutus,2006,10.080396/ac2045agyccs
865,Bassariscus astutus,1990,10.996522276/ki1994oa
866,Canis mesomelas,2007,10.0907727/ph1984gamum
867,Streptopelia senegalensis,2006,10.866510837/xs2058nov
868,Leptoptilus dubius,2006,10.06566/zc2090qzqp
869,Leptoptilos crumeniferus,1984,10.0853/va1934cn
870,Phasianus colchicus,2006,10.7368/vm2025iflzt
871,Ramphastos tucanus,2013,10.077306/bh1950memti
872,Bugeranus caruncalatus,1998,10.1093/yq2059gob
873,Manouria emys,1989,10.9133533/pi1974tcwcmm
874,Cebus apella,2012,10.002225003/ly1912jb
875,Castor canadensis,2010,10.89952333/pe1913mparb
876,Cygnus buccinator,2005,10.6734/vz2005gunpe
877,Sciurus niger,2012,10.7131/dc1947wdgd
878,Redunca redunca,2008,10.066810874/ve2024yfla
879,Meleagris gallopavo,2001,10.934402854/gl2034erot
880,Semnopithecus entellus,1995,10.8605149/xb1925kxl
881,Antidorcas marsupialis,1996,10.7883811/qh1900gnstb
882,Manouria emys,2007,10.030644646/eo2043yj
883,Felis pardalis,1991,10.1512/xk1990ek
884,Ateles paniscus,2003,10.969776449/gt2031ent
885,Papio cynocephalus,2012,10.555458598/ui2010vf
886,Panthera tigris,1999,10.64135/eb1961fdbp
887,Paroaria gularis,1987,10.9304452443/pm2076cic
888,Phylurus milli,2009,10.595569/yt2052qkldep
889,Hymenolaimus malacorhynchus,1999,10.4712/wr2028dymu
890,Psophia viridis,2009,10.666638/zs1933jtg
891,Smithopsis crassicaudata,2004,10.4417881073/os2050bjmtdx
892,Anas bahamensis,2012,10.667224803/qa2050ryoege
893,Bison bison,2003,10.191848955/zo2048gjy
894,Butorides striatus,1995,10.45490159/fz1982wkwk
895,Milvus migrans,2003,10.16575582/po2016nr
896,Melanerpes erythrocephalus,2007,10.99363/vt1955zjzlk
897,Paraxerus cepapi,2012,10.5534/nk1935wlmepp
898,Bison bison,1997,10.6906582202/ma1983aqer
899,Rana sp.,2008,10.76772048/sz2086qrf
900,Dasypus novemcinctus,2003,10.59341831/nn2032ad
901,Nesomimus trifasciatus,1990,10.08311965/ke2002pgvijr
902,Bassariscus astutus,2004,10.46148/nd2097tjhqiz
903,Lasiodora parahybana,1989,10.5250908/lc2005jv
904,Vanellus sp.,2012,10.24340528/wc1944dezft
905,Paradoxurus hermaphroditus,1989,10.3439116/rv1901kcbtw
906,Turtur chalcospilos,1992,10.222887/sz1926cuulk
907,Ara ararauna,2002,10.945370/rp1960wwe
908,Myrmecophaga tridactyla,1998,10.261519/qo2093naw
909,Otaria flavescens,2005,10.08578/hg1955jxx
910,Manouria emys,2009,10.64522/cl1973pbw
911,Caiman crocodilus,1998,10.783553156/qu2056uvjwif
912,Sciurus vulgaris,1992,10.3665206431/cg2062ylen
913,Bubo virginianus,1990,10.7595/ii1964gewg
914,Lepus townsendii,1998,10.4971831626/xt2095ru
915,Platalea leucordia,1996,10.7121475/es1972hjq
916,Merops nubicus,1992,10.491383169/wk2072mcm
917,Plegadis ridgwayi,2012,10.986603610/ur2029whqzr
918,Spermophilus richardsonii,2011,10.53607963/ul2061dottgc
919,Dolichitus patagonum,1988,10.04887/jh1988ylzn
920,Casmerodius albus,2000,10.65552/ol2005vque
921,Tockus erythrorhyncus,2007,10.94660809/ua1911idb
922,Chlamydosaurus kingii,2006,10.01444993/xk1945xpphy
923,Macropus giganteus,2007,10.0458/ra2064wbr
924,Ornithorhynchus anatinus,2001,10.5837/pg2029kknwi
925,Canis aureus,1998,10.736192287/kw2047gh
926,Toxostoma curvirostre,2013,10.8480475/hr2038dbse
927,Isoodon obesulus,2011,10.080495241/qw2056izu
928,Lasiorhinus latifrons,2001,10.5511/tc2055cuc
929,Potorous tridactylus,2009,10.246958312/ro1988srcazd
930,Rhea americana,2000,10.624948/ng1979pi
931,Otaria flavescens,2009,10.3636/hz1939ilwk
932,Numida meleagris,2010,10.3517/lw1963dokll
933,Hippotragus niger,2007,10.6102/bv1918zv
934,Uraeginthus granatina,2009,10.04417797/em1902dwn
935,Tadorna tadorna,1997,10.7621354271/ie2082iaqubm
936,Mustela nigripes,2010,10.5343410791/xd1946syoze
937,Lasiorhinus latifrons,1993,10.9464657720/yd1952un
938,Spermophilus tridecemlineatus,2005,10.2021/yo2083glj
939,Motacilla aguimp,1998,10.6658/ry1932jcbk
940,Varanus salvator,2006,10.615140/so2087iga
941,Dusicyon thous,2005,10.1696/no2010sq
942,Larus fuliginosus,1998,10.3951/bm2054nqrzii
943,Amblyrhynchus cristatus,2007,10.95171769/ki2075vh
944,Macaca nemestrina,1985,10.3961420/ue1992zylo
945,Buteo galapagoensis,2000,10.9080/le1978jdtwq
946,Streptopelia senegalensis,1984,10.3504/gq1906dkg
947,Cochlearius cochlearius,1993,10.7543/zk2071ktyct
948,Nasua nasua,2011,10.0846/re1926rrcmc
949,Castor fiber,2010,10.4528082/pz1997jf
950,Lepus townsendii,2003,10.3216/av1981vxboi
951,unavailable,2003,10.6429/qu2083cusaw
952,Sterna paradisaea,2002,10.0914881/uj1937do
953,Papio cynocephalus,2006,10.2628646478/zb1988yaasr
954,Phoenicopterus ruber,1994,10.0804294/hg1907zkegfb
955,Myiarchus tuberculifer,2000,10.85533/yx1924ngebln
956,Corvus brachyrhynchos,2011,10.04235/qb2002pkjj
957,Felis silvestris lybica,1997,10.20905/qu2097atx
958,Vanellus armatus,1993,10.019958/dd1913utmje
959,Gazella granti,1999,10.69746662/gq2046qrxmkj
960,Eubalaena australis,1996,10.080655614/co1957iwjfr
961,Tetracerus quadricornis,1989,10.0052589329/ve1966imxnc
962,Dasyurus viverrinus,1997,10.43561/fp1933wpthq
963,Spermophilus tridecemlineatus,2009,10.9294785/pe1908ucz
964,Marmota monax,2005,10.40995910/gk2084mjvet
965,Colaptes campestroides,1993,10.91872/hz1939hhnr
966,Francolinus leucoscepus,2001,10.81682686/kl2030zhjo
967,Ciconia episcopus,1993,10.279241/jb2006qaki
968,Lorythaixoides concolor,1998,10.1792/vv1948zp
969,Halcyon smyrnesis,2000,10.93776/wu2019tupugm
970,Streptopelia senegalensis,2005,10.148202/hh2091yq
971,Bettongia penicillata,1993,10.4630630/sb1945mefh
972,Oreamnos americanus,1998,10.656166969/vh2015xiit
973,Ploceus rubiginosus,2010,10.02475/ju1929kdh
974,Ornithorhynchus anatinus,2012,10.52609973/sg2082reyof
975,Phasianus colchicus,2007,10.021582348/ki1966hyj
976,Aegypius occipitalis,1980,10.3265/lj2072bgfbl
977,Eumetopias jubatus,1992,10.5903/kh2074ikuj
978,Cebus albifrons,1997,10.5674077/vx1948eilla
979,Neotis denhami,2002,10.7306/sp2077zhd
980,Gymnorhina tibicen,2001,10.92913/nf1951ivbx
981,Ardea cinerea,2000,10.50138/rs1935gwhx
982,Prionace glauca,1992,10.7014650259/pd2056berv
983,Gymnorhina tibicen,2007,10.2912600581/nh1916tu
984,Pelecans onocratalus,1998,10.4111775598/xg2057kbf
985,Agama sp.,1985,10.9966532629/xx1914qe
986,Carduelis uropygialis,2008,10.567315/xv1993ixswvx
987,Oxybelis sp.,1994,10.4704411056/ad1911rfrag
988,Phoenicopterus ruber,2008,10.9234468/tn1906ib
989,Colobus guerza,1999,10.016284889/qw1902nycks
990,Libellula quadrimaculata,2013,10.333436018/gm2002ucpud
991,Phalacrocorax brasilianus,2012,10.501456397/ob1914rafv
992,Plegadis falcinellus,2003,10.491415754/vd1939dwbp
993,Macaca fuscata,2009,10.9484/zy2084filt
994,Buteo regalis,2005,10.3627863/il1966lrbv
995,Panthera leo,2009,10.6951/an2069vfoa
996,Irania gutteralis,2010,10.75819790/ks1900qylx
997,Macropus giganteus,2006,10.634848/it1964qzvwm
998,Larus dominicanus,1995,10.988540/dh2087wv
999,Trichosurus vulpecula,2002,10.833730597/co1944xstccy
1000,Diceros bicornis,2012,10.10404956/et1917gireid
